{"body_length": 0.9829208487788925, "body_height": 0.9437953912988901, "neck_length": 1.2468232216308537, "neck_thickness": 1.2176047929492217, "head_size": 0.8690950143415748, "leg_length": 1.0793802051353665, "leg_thickness": 1.0733390490794714, "tail_length": 0.903811567192996, "tail_thickness": 1.1339092211477408, "mane_length": 0.9242369481369115, "mane_density": 0.8347532057159808, "body_color": [157, 61, 27], "mane_color": [53, 26, 13], "eye_color": [0, 0, 0], "head_angle": 15.307579998375104, "neck_angle": 18.560739715730353, "tail_angle": 40.65787735645139, "leg_pose": "rearing", "mane_style": "mohawk", "tail_style": "short", "eye_style": "realistic"}