{"body_length": 0.964573630527641, "body_height": 1.1179527535315683, "neck_length": 0.92272586177363, "neck_thickness": 1.068101015117051, "head_size": 0.9798981825901834, "leg_length": 0.9769772276860602, "leg_thickness": 0.8286862369642396, "tail_length": 0.8446539753837901, "tail_thickness": 1.1425549938164667, "mane_length": 1.1499970290526598, "mane_density": 1.1265310066041532, "body_color": [126, 53, 15], "mane_color": [45, 23, 13], "eye_color": [0, 0, 0], "head_angle": -4.432103947661066, "neck_angle": 14.281836027100514, "tail_angle": 54.28026541849158, "leg_pose": "running", "mane_style": "short", "tail_style": "short", "eye_style": "cartoon"}