{"body_length": 1.1333687500107301, "body_height": 1.107120600194006, "neck_length": 1.0970264954055908, "neck_thickness": 1.2597855665731108, "head_size": 1.1571218454485324, "leg_length": 0.8244811825438676, "leg_thickness": 0.9064660260200664, "tail_length": 0.7347589114167398, "tail_thickness": 0.822580062417446, "mane_length": 0.7858112283818992, "mane_density": 0.810459367214369, "body_color": [101, 50, 21], "mane_color": [46, 40, 0], "eye_color": [0, 0, 0], "head_angle": 10.41455500364318, "neck_angle": 14.464749883756284, "tail_angle": 44.27736813515011, "leg_pose": "standing", "mane_style": "braided", "tail_style": "short", "eye_style": "realistic"}