{"body_length": 1.0234219568149017, "body_height": 1.120785841727717, "neck_length": 0.7406898609767929, "neck_thickness": 1.2077547593256917, "head_size": 0.8531144341193085, "leg_length": 0.9720058701769918, "leg_thickness": 1.0482796689001839, "tail_length": 0.8773143671434858, "tail_thickness": 1.0084520393694925, "mane_length": 0.7139888397857843, "mane_density": 0.7369471159956925, "body_color": [151, 68, 19], "mane_color": [47, 33, 14], "eye_color": [0, 0, 0], "head_angle": -7.067324503372721, "neck_angle": 16.226596226621325, "tail_angle": 41.861386295918294, "leg_pose": "walking", "mane_style": "mohawk", "tail_style": "braided", "eye_style": "cartoon"}