{"body_length": 0.8802138565889538, "body_height": 1.1204962452697094, "neck_length": 0.7968417486613847, "neck_thickness": 1.1353798590613298, "head_size": 0.8673507029431824, "leg_length": 0.8861855478910369, "leg_thickness": 1.037053842775148, "tail_length": 1.2312689326818802, "tail_thickness": 0.9244123878387245, "mane_length": 1.1114232685954268, "mane_density": 0.9703536799684122, "body_color": [114, 68, 15], "mane_color": [51, 40, 6], "eye_color": [0, 0, 0], "head_angle": -14.592386589255542, "neck_angle": 28.50328831251418, "tail_angle": 47.23656414350349, "leg_pose": "walking", "mane_style": "flowing", "tail_style": "flowing", "eye_style": "normal"}