{"body_length": 1.0859567815677509, "body_height": 1.163223719207108, "neck_length": 0.8561882561400891, "neck_thickness": 1.1470135595258195, "head_size": 1.123555205414718, "leg_length": 1.089087152445238, "leg_thickness": 0.8202087015578744, "tail_length": 0.938091182507241, "tail_thickness": 1.0547918600301516, "mane_length": 1.051291125617442, "mane_density": 1.283713174689, "body_color": [121, 52, 19], "mane_color": [65, 15, 12], "eye_color": [0, 0, 0], "head_angle": -18.20261204586568, "neck_angle": 17.025620020110757, "tail_angle": 47.13116530586695, "leg_pose": "standing", "mane_style": "flowing", "tail_style": "short", "eye_style": "realistic"}