{"body_length": 1.1027191063701676, "body_height": 1.1888396231089842, "neck_length": 1.0783057490443078, "neck_thickness": 1.4633842300177549, "head_size": 0.8889377830292322, "leg_length": 1.126718738568463, "leg_thickness": 0.9683132569965279, "tail_length": 0.8720011152116873, "tail_thickness": 1.1415110158094837, "mane_length": 1.16106245148422, "mane_density": 0.9971705653816465, "body_color": [157, 80, 27], "mane_color": [64, 39, 4], "eye_color": [0, 0, 0], "head_angle": 7.64229657448152, "neck_angle": 22.20433025338756, "tail_angle": 56.677636466218985, "leg_pose": "rearing", "mane_style": "mohawk", "tail_style": "short", "eye_style": "realistic"}