{"body_length": 1.00027378587789, "body_height": 0.9251801914528439, "neck_length": 1.297160694705839, "neck_thickness": 1.4767917475795724, "head_size": 0.8889370251985041, "leg_length": 1.0349100198934735, "leg_thickness": 1.1606540181197866, "tail_length": 1.0450467263688736, "tail_thickness": 1.178227665441194, "mane_length": 0.8704819030930022, "mane_density": 0.8564923503026758, "body_color": [118, 77, 23], "mane_color": [54, 26, 5], "eye_color": [0, 0, 0], "head_angle": -10.100947807425825, "neck_angle": -1.6790776140796648, "tail_angle": 35.192823715978, "leg_pose": "standing", "mane_style": "braided", "tail_style": "braided", "eye_style": "realistic"}