{"body_length": 1.159205238947989, "body_height": 1.1419833924062317, "neck_length": 0.95969887888613, "neck_thickness": 1.0284385828605516, "head_size": 1.0607917238292663, "leg_length": 1.1451609733310095, "leg_thickness": 0.9680275741245089, "tail_length": 1.0170303343589555, "tail_thickness": 0.9783616092056014, "mane_length": 1.1530165388689777, "mane_density": 1.0201069454561997, "body_color": [145, 90, 13], "mane_color": [31, 20, 2], "eye_color": [0, 0, 0], "head_angle": 7.56968659651362, "neck_angle": 2.8528253075756194, "tail_angle": 55.94088796024522, "leg_pose": "walking", "mane_style": "mohawk", "tail_style": "flowing", "eye_style": "realistic"}