{"body_length": 1.0762368999302256, "body_height": 0.8056565628176288, "neck_length": 0.7818176382861343, "neck_thickness": 1.0820066103897006, "head_size": 1.133849453042092, "leg_length": 0.9690540199220261, "leg_thickness": 0.9478160168823322, "tail_length": 0.8140540933823122, "tail_thickness": 0.9047033528957927, "mane_length": 0.7435585196968469, "mane_density": 1.1306874871072985, "body_color": [138, 89, 20], "mane_color": [57, 18, 2], "eye_color": [0, 0, 0], "head_angle": 1.746354051639024, "neck_angle": 18.128856781414143, "tail_angle": 58.933145443365646, "leg_pose": "rearing", "mane_style": "braided", "tail_style": "braided", "eye_style": "cartoon"}