{"body_length": 1.151529116130968, "body_height": 0.8326997865923024, "neck_length": 1.2164717733495976, "neck_thickness": 1.1742026991959449, "head_size": 0.8984183620745777, "leg_length": 1.108296387064568, "leg_thickness": 0.9656662653462181, "tail_length": 0.7815611974083978, "tail_thickness": 1.1392192563009746, "mane_length": 1.0413077214397246, "mane_density": 1.1706393882149246, "body_color": [140, 87, 30], "mane_color": [67, 32, 8], "eye_color": [0, 0, 0], "head_angle": 2.684330368375832, "neck_angle": -5.109411736495022, "tail_angle": 47.49430036726946, "leg_pose": "rearing", "mane_style": "flowing", "tail_style": "flowing", "eye_style": "realistic"}