{"body_length": 0.9204768014430149, "body_height": 0.8589044912895236, "neck_length": 1.1359956695786682, "neck_thickness": 0.8938016986863861, "head_size": 0.8687642435558045, "leg_length": 1.0385425721238033, "leg_thickness": 0.8339925047128642, "tail_length": 1.1799985892200935, "tail_thickness": 0.916279235687429, "mane_length": 0.8167806418663291, "mane_density": 0.9989187365402619, "body_color": [126, 77, 11], "mane_color": [48, 30, 4], "eye_color": [0, 0, 0], "head_angle": 7.176584953511046, "neck_angle": 22.763751536216347, "tail_angle": 38.88054636502223, "leg_pose": "standing", "mane_style": "short", "tail_style": "short", "eye_style": "normal"}