{"body_length": 1.0773281179934917, "body_height": 1.1727588765760686, "neck_length": 1.0308240755393534, "neck_thickness": 1.0509648362424442, "head_size": 0.9865310664111064, "leg_length": 1.135642086707613, "leg_thickness": 0.89688551156125, "tail_length": 0.7549637643236675, "tail_thickness": 1.0348294510243607, "mane_length": 0.9922225718419078, "mane_density": 0.9108409128657586, "body_color": [116, 85, 28], "mane_color": [41, 21, 6], "eye_color": [0, 0, 0], "head_angle": -1.309129031562783, "neck_angle": 5.816351812293261, "tail_angle": 49.68479282770832, "leg_pose": "standing", "mane_style": "braided", "tail_style": "short", "eye_style": "cartoon"}