{"body_length": 1.1621963072737265, "body_height": 0.9260313569190166, "neck_length": 1.2188507534742086, "neck_thickness": 1.2298993549046728, "head_size": 1.0419797029474536, "leg_length": 0.9477342923744325, "leg_thickness": 0.9837060437006113, "tail_length": 0.779386715731671, "tail_thickness": 0.968327366740054, "mane_length": 0.8442622057270209, "mane_density": 1.2646737244605148, "body_color": [111, 81, 12], "mane_color": [64, 36, 12], "eye_color": [0, 0, 0], "head_angle": 15.834698603039826, "neck_angle": 24.119342852420843, "tail_angle": 48.83044046557814, "leg_pose": "standing", "mane_style": "flowing", "tail_style": "flowing", "eye_style": "normal"}