{"body_length": 0.9947408279148928, "body_height": 1.0462493099458068, "neck_length": 0.929574003230071, "neck_thickness": 1.1462784756846085, "head_size": 1.1760461422143622, "leg_length": 1.0378844136066154, "leg_thickness": 0.8395363157000133, "tail_length": 1.1732455075059771, "tail_thickness": 0.955608027628117, "mane_length": 0.8462113871125212, "mane_density": 0.7586169485727982, "body_color": [133, 57, 10], "mane_color": [33, 29, 7], "eye_color": [0, 0, 0], "head_angle": 8.369378316880937, "neck_angle": 21.1989712751819, "tail_angle": 35.76023468777947, "leg_pose": "rearing", "mane_style": "braided", "tail_style": "short", "eye_style": "realistic"}