{"body_length": 1.0828574101119046, "body_height": 0.8081525358736797, "neck_length": 1.1567655083459139, "neck_thickness": 1.090735706043307, "head_size": 0.8317348333643031, "leg_length": 1.145714272759068, "leg_thickness": 1.1354466214990564, "tail_length": 1.0095843276171825, "tail_thickness": 0.9103329693402417, "mane_length": 0.9224557432653393, "mane_density": 0.8019231664077738, "body_color": [124, 79, 12], "mane_color": [53, 38, 7], "eye_color": [0, 0, 0], "head_angle": 19.846781545808213, "neck_angle": 1.6998555769560895, "tail_angle": 43.67426257348552, "leg_pose": "standing", "mane_style": "short", "tail_style": "braided", "eye_style": "realistic"}