{"body_length": 0.9850834084896571, "body_height": 1.0694236734213263, "neck_length": 1.1069941219513713, "neck_thickness": 1.0309285557362202, "head_size": 1.0973112452844984, "leg_length": 1.1677384585612018, "leg_thickness": 1.138881014062479, "tail_length": 1.2678128543364844, "tail_thickness": 1.1690936135943664, "mane_length": 0.7936005644275168, "mane_density": 1.169039120448794, "body_color": [120, 82, 11], "mane_color": [48, 32, 4], "eye_color": [0, 0, 0], "head_angle": -9.026162887956811, "neck_angle": -5.134223997125114, "tail_angle": 54.907352352325745, "leg_pose": "standing", "mane_style": "mohawk", "tail_style": "short", "eye_style": "realistic"}