{"body_length": 0.9478869157143729, "body_height": 1.171435225313561, "neck_length": 0.90973133519962, "neck_thickness": 1.0909226202712974, "head_size": 1.039010899629673, "leg_length": 0.9060716960860326, "leg_thickness": 0.8833772606971545, "tail_length": 1.029601693060863, "tail_thickness": 1.0062829625512242, "mane_length": 1.0980786301684822, "mane_density": 0.7890655331147765, "body_color": [116, 87, 16], "mane_color": [42, 18, 3], "eye_color": [0, 0, 0], "head_angle": -7.962976294232607, "neck_angle": 28.703149594954034, "tail_angle": 31.193970418406636, "leg_pose": "standing", "mane_style": "short", "tail_style": "flowing", "eye_style": "normal"}