{"body_length": 0.8213379296622085, "body_height": 0.9845308211731316, "neck_length": 1.22307569921555, "neck_thickness": 1.1262990542409363, "head_size": 1.194000353686343, "leg_length": 0.899870553364561, "leg_thickness": 1.0830609394665192, "tail_length": 1.0206027216300273, "tail_thickness": 1.118129113539713, "mane_length": 1.0742539856983284, "mane_density": 1.1726463544347598, "body_color": [112, 84, 19], "mane_color": [49, 35, 8], "eye_color": [0, 0, 0], "head_angle": 8.187885561880055, "neck_angle": 28.935801188025437, "tail_angle": 56.78785961102804, "leg_pose": "standing", "mane_style": "flowing", "tail_style": "braided", "eye_style": "normal"}