{"body_length": 1.0784249575174236, "body_height": 1.0072575492493379, "neck_length": 1.1555445456805158, "neck_thickness": 1.4932245025946298, "head_size": 1.0025815775297342, "leg_length": 1.0893921716841495, "leg_thickness": 0.9342074160273384, "tail_length": 0.8732045993550779, "tail_thickness": 1.1658955389962906, "mane_length": 0.8646316380492531, "mane_density": 1.2802207442749556, "body_color": [124, 89, 27], "mane_color": [37, 40, 4], "eye_color": [0, 0, 0], "head_angle": 9.921019547005638, "neck_angle": 12.26846456406097, "tail_angle": 48.68250867048056, "leg_pose": "rearing", "mane_style": "short", "tail_style": "short", "eye_style": "cartoon"}