{"body_length": 1.055199531306636, "body_height": 1.1767636339560605, "neck_length": 0.7123274014512453, "neck_thickness": 1.4789733745390736, "head_size": 0.9341962836554746, "leg_length": 0.9970441840697166, "leg_thickness": 0.8819500622581227, "tail_length": 1.0289153485342064, "tail_thickness": 0.8544527414418727, "mane_length": 1.095096345214653, "mane_density": 0.9081586834382799, "body_color": [133, 70, 15], "mane_color": [31, 16, 9], "eye_color": [0, 0, 0], "head_angle": -1.6348140523674068, "neck_angle": 12.397675710659094, "tail_angle": 57.66884042434616, "leg_pose": "walking", "mane_style": "short", "tail_style": "short", "eye_style": "normal"}