{"body_length": 0.8692531255160132, "body_height": 0.9593706750898436, "neck_length": 1.0205387203019716, "neck_thickness": 1.4222545526622976, "head_size": 0.8092067113271111, "leg_length": 1.064510872809297, "leg_thickness": 1.0481546463981748, "tail_length": 1.1516461419441684, "tail_thickness": 0.8136021286591509, "mane_length": 0.967897081709929, "mane_density": 0.7390045304646046, "body_color": [119, 57, 26], "mane_color": [31, 18, 12], "eye_color": [0, 0, 0], "head_angle": -18.017672942663374, "neck_angle": -2.656094793440169, "tail_angle": 35.95585436798952, "leg_pose": "standing", "mane_style": "braided", "tail_style": "flowing", "eye_style": "cartoon"}