{"body_length": 1.1324801455113875, "body_height": 0.9081326105956202, "neck_length": 1.1537302748870242, "neck_thickness": 1.4350127014005452, "head_size": 0.9890127134537701, "leg_length": 0.8058872063221989, "leg_thickness": 0.912228512686882, "tail_length": 1.21370102006777, "tail_thickness": 0.9712728286823089, "mane_length": 0.9390988564232876, "mane_density": 0.8390674086529216, "body_color": [123, 79, 15], "mane_color": [67, 28, 3], "eye_color": [0, 0, 0], "head_angle": -10.505935530563097, "neck_angle": 1.6718312885189857, "tail_angle": 31.65983876327325, "leg_pose": "standing", "mane_style": "short", "tail_style": "flowing", "eye_style": "realistic"}