{"body_length": 0.9234791165235114, "body_height": 0.8626984226276615, "neck_length": 0.8276437566958956, "neck_thickness": 1.1595115341141395, "head_size": 1.073595780902474, "leg_length": 1.1381780357732816, "leg_thickness": 0.8074406546835725, "tail_length": 0.9535478063654594, "tail_thickness": 1.0615453176898302, "mane_length": 1.231715001148908, "mane_density": 0.9416760028444943, "body_color": [118, 79, 15], "mane_color": [60, 32, 5], "eye_color": [0, 0, 0], "head_angle": -10.060296574765385, "neck_angle": 23.82340134414315, "tail_angle": 39.39474214721741, "leg_pose": "walking", "mane_style": "braided", "tail_style": "short", "eye_style": "cartoon"}