{"body_length": 0.8713376421408815, "body_height": 1.1042160101835194, "neck_length": 0.7661077180543505, "neck_thickness": 1.30142200722574, "head_size": 0.9905791506409357, "leg_length": 1.0508921951345664, "leg_thickness": 1.1550027228363584, "tail_length": 0.7829256144928163, "tail_thickness": 0.9736059045433961, "mane_length": 0.7025651215656047, "mane_density": 1.1572415703183732, "body_color": [150, 84, 12], "mane_color": [51, 38, 14], "eye_color": [0, 0, 0], "head_angle": -9.92550717209018, "neck_angle": 18.029372894949685, "tail_angle": 49.45250492189707, "leg_pose": "running", "mane_style": "braided", "tail_style": "flowing", "eye_style": "realistic"}