{"body_length": 0.8729592999952016, "body_height": 0.8939009960204726, "neck_length": 0.9826602587294904, "neck_thickness": 1.1272773382380263, "head_size": 1.1082679435565606, "leg_length": 0.8472784528377174, "leg_thickness": 1.0302356848327399, "tail_length": 1.042786397291731, "tail_thickness": 0.9806402441812991, "mane_length": 0.93940401523094, "mane_density": 1.017319543513211, "body_color": [152, 55, 16], "mane_color": [62, 25, 0], "eye_color": [0, 0, 0], "head_angle": 8.260997161514965, "neck_angle": -7.799993809316987, "tail_angle": 55.733638739363485, "leg_pose": "rearing", "mane_style": "braided", "tail_style": "flowing", "eye_style": "realistic"}