{"body_length": 0.9808903712219779, "body_height": 1.1401035033393565, "neck_length": 1.1734878166342315, "neck_thickness": 0.8746319346010417, "head_size": 0.8774810267329587, "leg_length": 1.1087286804368328, "leg_thickness": 1.1034419531891166, "tail_length": 0.9879128571166349, "tail_thickness": 1.1404097527706605, "mane_length": 1.1731607618292874, "mane_density": 0.7900667604224758, "body_color": [143, 62, 29], "mane_color": [40, 15, 7], "eye_color": [0, 0, 0], "head_angle": -2.615651727148098, "neck_angle": 22.919149297678317, "tail_angle": 56.47382845797168, "leg_pose": "standing", "mane_style": "mohawk", "tail_style": "flowing", "eye_style": "cartoon"}