{"body_length": 0.8688712439771225, "body_height": 0.972819125970322, "neck_length": 0.952169725430781, "neck_thickness": 1.1413851410584304, "head_size": 1.1699045571907587, "leg_length": 0.8076616730382822, "leg_thickness": 1.1833533028551475, "tail_length": 0.9478680530707793, "tail_thickness": 0.8204694448567178, "mane_length": 0.9197905784145501, "mane_density": 0.9563714828008176, "body_color": [122, 73, 20], "mane_color": [67, 22, 3], "eye_color": [0, 0, 0], "head_angle": -5.094752072852176, "neck_angle": -6.491914812989172, "tail_angle": 44.528895105816275, "leg_pose": "rearing", "mane_style": "short", "tail_style": "short", "eye_style": "normal"}