{"body_length": 0.9329956105667105, "body_height": 0.8708498532151903, "neck_length": 1.2111900718649942, "neck_thickness": 1.177289323773251, "head_size": 0.8193560831619695, "leg_length": 1.012876939568744, "leg_thickness": 0.8715894352131272, "tail_length": 1.1831169517871705, "tail_thickness": 0.8746910430554097, "mane_length": 1.2872412999927332, "mane_density": 0.9821070569170195, "body_color": [116, 80, 28], "mane_color": [54, 29, 0], "eye_color": [0, 0, 0], "head_angle": -7.556408166707293, "neck_angle": 5.615451201095993, "tail_angle": 48.40824793382406, "leg_pose": "standing", "mane_style": "flowing", "tail_style": "short", "eye_style": "realistic"}